Query ID	E-value	Percent Positive Matches	Query Sequence Alignment
NC_006213.1	N/A	N/A	
NC_026011.1	N/A	N/A	
KM349744.1	N/A	N/A	
KM349743.1	N/A	N/A	
KM349742.1	N/A	N/A	
NC_006577.2	4e-141	1254/1730 (72%)	ATGATAGGTGTATTATTCATTGTGCTAATTTTAATATACTATTTAGTATGGTTTTACCTAATACTTGTTTTGGTCCCCTTGTTAGACAAATTTTTGTAGATGGTGTACCGTTTGTTGTTTCTATTGGTTACCATTACAAAGAGTTAGGTGTAGT-TATGAACTTA-GATGTTGAC--ACACACCGTTATCGTTTGTCTCTTAAAGATTTACTTCTTTATGCAGCAGATCCTGCTATGCACGTTGCATCTGCTAGTGCT-CTGCTTGATTTACGAACTTGTTGTTTTAGTGTAGCTGCCATTAC--A-AGTGGTATAAAATTTCAAACTGTAAAACCAGGTAACTTTAACCAAGACTTTTACGAGTTTGTTAAAAGTAAAGGCTTGTTTAAAGAGGGTAGTACAGTTGATTTGAAACATTTTTTCTTTACTCAAGATGGTAATGCTGCAATTACTGATTATAATTATTATAAGTATAATTTACCTACTATGGTTGATATTAAGCAGTTATTGTTTGTATTAGAAGTTGTTTATAAATATTTTGAAATTTATGATGGTGGTTGTATACCAGCATCA-CAAGTTATTGTTAATAA-TTATGATAAAAGTGCTGGTTATCCATTTAATAAATTTGGTAAAGCCAGACTTTATTATGAGGCATTATCA-TT-TGAGGAACAGAATGAAATTTATGCATATACTAAACGTAATGTTCTGCCCACCTTAACTCAAATGAATTTAAAATATGCTATCAGTGCTAAGAATAGAGCTCGCACTGTAGCAGGTGTTTCTATTCT-TAGTACTATGACAGGCCGAATGTTCCATCAAAAATGTTTGAAGAGT-ATAGCAGCTACCCGAGGTGTTCCTGTTGTTATAGGAACCACTAAATTTTATGGTGGTTGGGACGATATGTTACGTCATCTTATAAAG-GATGTTGACAACCCTGTTCTTATGGGTTGGGATTATCCTAAATGTGATCGTGCTATGCCAAATATTTTGCGTATTGTTAG-TAGTTTAGTTTTGGCCCGCAAACATGAATTTTGTTGTTCACATGGTGATA-GATTT-TATCGCCTTGCGAATGAATGTGCTCAAGTTTTGAGTGAAATAGTTATGTGTGGCGGTTG-CTATTATGTTAAGCCTGGTGGTAC-T-AGCAGTGGTGATGCAACTACTGCTTTTGCTAATTCTGTTTTTAATATATGTCAGGCTGTTACTGCTAATGTT--TGTTCTCTTATGGCCTGTAATGGCCATAAGATTGAAGATTTAAGTATA--CGCAATTTACAAAAACG-CTTATACTCTAATGT-T-TATCGTAC-AGATTATGTTGATT-ATACATTTGTTAATGAGTATTATGAATTTTTATGTAAGCATTT-TAGTATGATGATTTTGAGTGATGATGGTGTTGTCTGTTATAACTCTGA-TTATGCTAGTAAGGGT-TATATAGCTAATATAAGTGTTTTTCAACAAGTTTTGTACTATCAGAATAATGTCTTTATGTCTGAATCTAAATGTTGGGTTGAAAATGATATTACTAATGGTCCTCATGAATTTTGTTCCCAACATACTATGTTAGTTAAGATAGA-TGGTGATTATGTTTATTTACCATATCCAGATCCTTCTAGAATTTTAGGAGCTGGTTGTTTTGTTGATGATTTATTGAAGACTGACAGTGTTCTTTTGATAGAGCGCTTTGTAAGTCTAGCTATAGATGCTTACCC
MH940245.1	4e-146	1257/1730 (73%)	ATGATAGGTGTATTATTCATTGTGCTAATTTTAATATATTATTTAGTATGGTCTTACCTAATACTTGTTTTGGTCCTCTTGTTAGACAAATTTTTGTAGATGGTGTTCCGTTTGTTGTTTCAATTGGTTACCATTATAAAGAGTTAGGTGTAGT-TATGAACTTGGATGTTGA--TACACACCGCTATCGTTTGTCTCTTAAAGACTTACTTCTTTATGCAGCAGATCCTGCTATGCATGTTGCATCTGCTAGTGCT-CTGCTTGATTTACGAACTTGTTGTTTTAGTGTAGCTGCCATTAC--A-AGTGGTATAAAGTTTCAAACTGTTAAACCAGGTAATTTTAACCAAGATTTTTATGAGTTTGTCAAAAG-TAAAGGCTTGTTTAAAGAGGGTAGTACAGTTGATTTGAAACACTTTTTCTTTACTCAAGATGGTAATGCTGCAATTACTGATTATAATTATTATAAGTATAATTTACCTACTATGGTTGATATTAAGCAGTTATTGTTTGTATTAGAAGTTGTTTATAAGTATTTTGAAATTTATGATGGTGGTTGTATACCAGCATCA-CAAGTTATTGTTAATAA-TTATGACAAAAGTGCTGGTTATCCATTTAATAAATTTGGTAAAGCTAGACTTTATTATGAGGCATTATCA-TT-TGAGGAGCAGAATGAAATTTATGCATATACTAAACGTAATGTGTTGCCCACTTTAACTCAAATGAATTTAAAATATGCTATTAGTGCTAAGAATAGAGCTCGTACTGTTGCAGGTGTTTCCATTCT-TAGTACTATGACAGGTCGAATGTTTCATCAAAAATGTTTGAAGAGT-ATAGCAGCTACTCGTGGTGTTCCTGTTGTTATAGGAACTACTAAATTTTATGGTGGCTGGGATGATATGTTACGCCATCTTATAAAG-GATGTTGACAACCCTGTTCTTATGGGTTGGGATTATCCTAAATGTGATCGTGCCATGCCAAATATTTTGCGTATTGTTAG-TAGTTTAGTTTTGGCTCGTAAACATGAATTTTGTTGTTCACATGGTGATA--GATTCTATCGCCTTGCGAATGAATGTGCTCAAGTTTTGAGTGAAATAGTTATGTGTGGCGGTTG-CTATTATGTTAAGCCTGGTGGTAC-T-AGCAGTGGTGATGCAACCACTGCTTTTGCTAACTCTGTTTTTAATATATGTCAAGCTGTTACTGCTAATGTT--TGTTCTCTTATGGCTTGTAATGGCCATAAGATTGAAGATTTAAGTATA--CGCAATTTACAAAAACG-CTTATACTCTAATGT-T-TATCGTAC-AGATTATGTTGATT-ATACATTTGTTAATGAGTATTATGAATTTTTATGTAAGCATTT-TAGTATGATGATTTTGAGTGATGATGGTGTTGTTTGTTATAACTCTGA-TTATGCTAGTAAGGGT-TATATAGCCAATATAAGTGTTTTTCAACAAGTTTTGTACTATCAGAATAACGTTTTTATGTCTGAATCTAAATGTTGGGTTGAAAATGATATTACTAATGGTCCTCATGAATTCTGTTCACAACATACTATGTTGGTTAAGATAGA-TGGTGACTATGTTTATCTACCCTATCCAGACCCTTCTAGAATTTTAGGAGCTGGTTGTTTTGTTGATGATTTATTGAAGACTGACAGTGTTCTTTTGATAGAGCGCTTTGTAAGTCTAGCTATAGATGCTTACCC
NC_012936.1	N/A	N/A	
NC_025217.1	0.0	3733/5119 (73%)	GGTCCCAAAGTGAAGTACTTGTACTTCATCAAAGGACTAAACAACTTATGTCGTGGCATGGTACTAGGTACTGTAGCTGCGACTGTTAGATTGCAAGCTGGCAAACCAACTGAAGTGGCTGCCAACTCTAAATGCTTGACATTT-TGTGCCTTTGCTGTAGATCCTGAAAAGGCATACTTTGACT-TCGTGAAC-AGCGGAGGCCAACCGCTTAATAATTGTGTGCGTGTTTTATGCACTCACACTGGTACAGGTCGTGCTATAACTG-CAGATCCAGAGGCTACAGCAGATCAAGAATCATATGGTGGTTCTTCTTGTTGCCTCTACTGTAGATGTCACATTTCCCACCCAAGTCATAACGGGTTGTGTAAGTATAAAGGCAAATATGTGCAAATACC-AAATGTATGCACTAATGATCCAGTAGGGTTTT-TGCTTAAAAACACTGTTTGCAATGTATGCGCT-TGTTGGATAGGGTATGGTTGCAATTGTGA-CACACTCCGCCAGCCAGTGCTTCATGCTGCAGATG-ACAGT--TTTTTAAACGGGTGCGCGGTGTAAGTGCAGCCCGTCTTACACCGTGTGGCAGTGGT-CTTTCCACTGACGTCGTCGTA-AGGGCTTTCGACCTGTACAATAGTAAAATAGGAGGCTTTGGTC--TTCGTTATAAGGGCAATTGCTGCCGATTTCAAGAAATCGACGAAGACGGCAAAGCCTTAGACTCTTTTTTCATTGTCAAGAGACATACTGAAGACAACTTTAAGCTAGAACAGGAAATGTATGATTTGCTGAAGGACAGTGGTGTTGTGGCAGTCCACGACTTCTTTCACTTTAGAGTGGA-GG-GACGAATGGAGCCTCACATCACGCGTCAGCGACTTACAAAGTACACTATGGCTGATCTTGTTTACGCTTTTAGACACTTCGATGAAAATAGTTGTGA-AGTGCTAAAAGAAATTCTTGTTACATATAATTGTTGTGGCTCGGATTATTTCGAGAAGAAAGATTGGTATGACTATGTAGAGAATCCTGATATACTTAATGTGTATGC-CCGTCTT-GGTGAGCGCATTAGGTGTAATTTACTTAAGA-CTGTAAAGTTCTGTGATGCCATGA-AAAGACATGGTATTGTGGGAGTTTTGACGCTAGACAACCAAGACCTTAATGGTAATTGGTGTGATTTTGGTGACTTTGTACGCGGCTTTCCTGGGAATGGAGTACCTGTCGTGGACTCATACTACTCATTGCTTATGCCTTTAATGACAATGACTAAAATGCTTGAG--GCAGAGACACATGTAGATTGTGACCTGACTAAGGAT--CATGTGAAGTGGGACTTGCTCCAGTATGATTATACAGAGCATAGACTCAA-CT-T-GCACCAAAAGTACTTTAAGTACTGGGATATGCCATACCATCCCAATTGTCAGAGTTGTCCTGATGACCGTTGTATTTTGCATTGTGCAAATTTCAATGTGTTATACAGTACAACTATACCACAAACATCATTTGGACCAATCGTCAAACGCATTTATGTGGATGGCGTTCCATTTGTTGTCTCTGCTGGTTACCATTATAAAGAGCTTGGCGTTGT-CATGAATCAAGATATTCATGTACACAACGCTAGGCT-ATCTCTTAGAGAATTGCTAGTCTATGCAGCTGACCCTGCCATGCATGCCGCATCTGGTACTCTGTTGCTAGACAAAAGAACCACATG-TTTT-AGT-GTGGCATCTCTTACCAACACAGTTAGCTTC-CAAACAGTGAAGCCAGGCAATTTTAATAAGGACTTCTACGACTTTGCTGTGTCTAAAGGTTTCTTTAAGGAAGGTAGTTCCGTGGACCTTAAACACTTCTTCTTTGCACAGGATGGTAATGCTGCTATAACTGATTACAGTTATTACAGGTACAACCTTCCTACTATGTGCGATATAAAACAGCTTCTGTTCACTA-TGGAAGTGGTAGATAAATATTTCGACTGCTATGATGGTGGTTGCTTAAACGCCAATCAAGTTGTTGT-AAATTCATTAGATAAGTCAGCCGGTTTCCCATTTAACAAATGGGGTAAGGCTAGACTTTACTATGAATCTCTGAGTTATGAAGATCAGGATGCACTCTTTGCGTATACAAAGAGGAATGTGCTTCCAACAATAACTCAAATGAATTTGAAATATGCTATTAGCGCTAAGAATAGAGCCCGCACTGTAGCTGGGGTGTCTATATGTAGCACTATGACTAATCGTCAATTCCATCAGAAGATGCTT-AAGTCTATAGCTGCTACACGTA-ATGTG-TCC-GTTGTCATTGGAACTA-CAAAGTTCTATGGTGGATGGAATAACATGCTCAAAACACTTTATGCAGATGTGGATAATGCACAACTAATGGGTTGGGATTATCCTAAGTGTGACAGAGCTATGCCTAATATGTTGCGTATTTTCGCTTCA-TTGATTTTAGCCAGAAAGCACAACACGTGTTGTAATGTAAGTGAAA--GATACTACAGACTGGCTAATGAGTGCGCTCAAGTATTGAGTGAGATGGTTCTATGTGGTGGTGCTTTGTATGTGAAACCAGGTGGTACTTCCTCCGGTGACGCAACCACTGCATATGCAAATTCTGTTTTCAATATCTGTCAAGCAGTAACGGCCAACATTAGTGC-CTTGCTAGCAGCTAATGGAAACAAGATAGTCGATGTTTACATTCGAGACTTACAGCGTAAACTGTATGCGAATGT-T-TATCGTAGTGTCCATGTTGATTATA-AGTTCGTAGATGAGTACTACGCCTTTTTGCGTAAACACTTTTCTATGATGATACTGTCTGACGATGGTGTCGTATGTTACAATAGTGACT-ACGTAGCTAGAGGCTATATTG-CTGGAATAAAAGACTTCAAGCAAGTTCTTTATTACCAGAATAATGTTTTTATGTCGGAAGCCAAGTGTTGGG-TGGAACCAGACCTGACTAAAGGCCCACATGAATTTTGTTCACAACACACTATGCTAGTTGAGCATAATGGTGAACAAGTGTATCTACCTTACCCCGACCCCTCAAGAATTTTAGGGGCTTGTTGTTTTGTAGATGATGTTGTCAAAACTGACGGGACTATCATGATTGAGCGTTTCGTCGCCTTGGCTATTGATGCTTATCCTCTTACCAAACATGAGAACCCTGAGTATAAGCAGGTCTTTTACTTGTTGTTACAATACATCAAGAAA-CTTCATGAAGAGTTAACGGGCCATTTGTTGGACATGTACTCTGTTATGATTTCGGGTGACAATGCT-CAGAGATACTGGGAAGAAGATTTCTATGAAGCAATGTACACTCA--AT-CAGTCACTTTACAGGCTGTCGGCGCGTGTGTGTTGTGTAATTCACAAACATCTTTGCGTTGCGGTGACTGTATTAGACGTCCATTTTTGTGTTGCAAATGTTGTTATGATCACGTCCTTTCAACGCCACACAAACTGGTCTTGTCTGTATCA-CCTTACGTCTGTAATGCACCGGGTTGCGAAGTTACAGATGTTACACAACTCTACCTCGGAGGTATGAGTTATTTTTGCAAGTCCCATAAACCACCTATTAGTTTCCCATTGTGTGCTAATGGTCAGGTGTTCGGACTTTATAAAAATACATGTGTCGGTAGCATTAATGTCGCAGACTTTAACGCTATTGCCACATGTGATTGGAGTAGTAGTGGTGATTATGTTTTAGCTAACACCACAACTGAGCGTCTGAAACTGTTTGCTGCAGAGACGCTTAAAGCTGTCGAAGAGACTGCTAAACAATCATATGGTGTTGCTGTTGTACGAGAAGT-C-GTCAGCGACAAAGAAGTTA--TTTTACGGTGGGAAGCTGACAAACCGCGTCCGCCTCTAAACCGAAATTACGTGTTTACTGGTTATAGGATAACTAAAAACAGTAAAACACAAATTGGCGAATACACCTTTGAGAA-GTCAGATTATGGCGACTCAGTGTTGTATAA--AGCCTCTACTACTTATAAGTTACAGGTGGGAGACTACTTTGTGTTGACCTCTCACTCTGTCCTGCCTCTTTCTGCACCTACATTGTTGCCGCAAGAG-AC-ATATACACGAATTGTAGGGCTCTAT-CCTA-CGTTCAACATTCCTGACGATTATGCTGGTAATGTTGTAAATTACCAGAAAATCGGAATGGCTAAGTACACCACGGTTCAAGGTCCACCTGGCACAGGTAAAAGTCACCTCGCCATTGGTGTAGCAGTTTATTATCCTACAGCACGCATAGTCTACACTGCTTGTAGTCATGCTGCTGTTGATGCCTTATGTGAAAAGGCATTCAGAACA-TTGCCTATTTCTAAATGC-TCACGCATAGTGCCCGCAAAGGCCCGCGTAGAGTGTTTTGATAAATTCAAAGTCAATG-ATGGTACAGCACAATATGTGTTTAGCACCATCAATGCCTTACCAGAAACCTCAACTGATGTACTCGTTGTGGATGAAGTCAGCATGTGTACTAATTATGATCTTAGCATAATTAATGCGCGTGTTCGAGCAAAGCA-TATTGTGTATGTGGGAGATCCAGCTCAATTGCCAGCGCCACGTACATTACTTAC-AAGAGGCTCACTAGAACCAGAAAATTTCAATTCTGTGTGCCGTCTTATGAAAACATTAGGTCCTGACATATTCTTAGGAGTATGTCGTCGTTGTCCTAAGGAAATTGTAGACACTGTTTCAGAGCTA--GTTTATGAAAACAAGCTTAAGGCACATAA-GCCAGAATCTGGACAGTGTTTCAAAATGTTTTACAAGGGTACTGTTACCCATGATGTATCAAGCGCCATTAATAGACCACAAGTCGGCGTCGTGAGAGAGTTTCTAAGCCGCAATCCCCAGT-GGAAGAAGGCTGTGTTTATTTCACCATATAATAGCCAAAATGCAGTGGC-TAGTAAGATTCTGGGTTTACAGACCCAAACTGTGGACTCATCACAAGGTTCAGAGTATGATTATGTGATTTTCGCCCAGACTACAGATACTGCACACTCTTGCAATGTTAATAGGTTTAATGTTGCTATCACAAGAGCTAA-GAAGGGTATACTCTGCATCATGTCGGAT
NC_039207.1	N/A	N/A	
NC_019843.3	N/A	N/A	
NC_009020.1	N/A	N/A	
NC_009019.1	N/A	N/A	
NC_030886.1	N/A	N/A	
NC_009021.1	N/A	N/A	
NC_004718.3	0.0	14579/17714 (82%)	AAAATTAAGGCCTGCATTGATGAGGTTACCACAACACTGGAAGAAACTAAGTTTCTTACCAATAA---GTTACTCTTGTTTGCTGATATCAATGGTAAGCTTTA-CCATGATTCTCAGAACATGCTTAGAGGTGA-A--GATATGTCTTTCCTTGAGAAGGATGCACCTTACATGGTAGGTGATGTT-ATCACTAGTGGTGATATCACTTGTGTTGTAATACCCTCCAAAAAGGCTGGTGGCACTACTGAGATGCTCTCAAGAGCTTTGAAGAAAGTGCCAGTTGATGAGTATATAACCACGTACCCTGGACAAGGATGTGCTGGTTATACACT-T-GAGGAAGCTAAGACTGCTCTTAAGAAATGCAAATCTGCATTTTATGTACTACCTTC-AGAAGCACCTAATGCTAAGGAAGAGATTCTAGGAACTGTATCCTGGAATTTGAGAGAAATGCTTGCTCATGCTGAAGAGACAAGAAAATTAATGCCTATATGCATGGATGTTAGAGCCATAATGGCAACCATCCAACGTAAGTATAAAGGAATTAAAATTCAAGAGGGCATCGTTGACTATGGTGTCCGATTCTTCTTTTATACTAGTAAAGAGCCTGTAGCTTCTATTATTACGAAGCTGAACTCTCTAAATGAGCCGCTTGTCACAATGCCAATTGGTTATGTGACACATGGTTTTAATCTTGAAGAGGCTGCGCGCTGTATGCGTTCTCTTAAAGCTCCTGCCGTAGTGTCAGTATCATCACCAGATGCTGTTACTACATATAATGGATACCTCACTTCGTCATCAAAGACATCTGAGGAGCACTTTGTAGAAACAGTTTCTTTGGCTGGCTCTTACAGAGATTGGTCCTATTCAGGACAGCGTACAGAGTTAGGTGTTGAATTTCTTAAGCGTGGTGACAAAATTGTGTACCACACTCTGGAGAGCC-CCGTCGAGTTTCATCTTGACGGTGAGGTTCTTTCA-C-TTGACAAACTAAAGAGTCT-CTTATCCCTGCGGGAGGTTAAGACTATAAAAGTGTTCACAACTGTGGACAACACTAATCTCCACACACAGCTTGTGGATATGTCTATGACATATGGACAGCAGTTTGGTCCAACATACTTGGATGGTGCTGATGTTACAAAAATTAAACCTCATGTAAAT--CATGAGGGTAAGACTTTCTTTGTACTACCTAGTGATGACACACTACGTAGTGAAGCTTTCGAGTACTACCATACTCTTGATGAGAGTTTTCTTGGTAGGTACATGTCTGCTTTAAACCACACAAAGAAATGGAAATTTCCTCAAGTTGGTGGTTTAACTTCAATTAAATGGGCTGATAACAATTGTTAT-TTGTCTAGTGTTTTATTAGCACTTCAACAGCTTGAAGTCAAATTCAATGCACCAGCACTTCAAGAGGCTTATTATAGAGCCCGTGCTGGTGATGCTGCTAACTTTTGTGCACTCATACTCGCTTACAGTAATAAAACTGTTGGCGAGCTTGGTGATGTCAGAGAAACTATGACCCATCTT-CTACAGCATGCTAATTTGGAATCT-GCAAAGCGAGTTCTT-AATGTGGTGTGTAAACATTGTGGTCAGAAAAC-TACTA-CCTTAACGGGTGTAGAAGCTGTGATGTATATGGGTACTCTATCTTATGA-TAATCTTAAGACAGGTGTTTCCATTCCATGTGTGTGTGGTCGTGATGCTACACAATATCTAGTACAACAAGAGTCTTCTTTTGTTATGATGTCTGCACCACCTGCTGAGTAT-AAATTACAGCAAGGTACATTCTTA--TGTGCGAATGAGTACACTGGTAACTATCAGTGTGGTCATTACACTCATATAACTGCTAAGGAGACCCTCTATCGTATTGACGGAGCTCACCTTACAAAGATGTCAGAGTACAAAGGACCAGTGACTGATGTTTTCTACAA-GGAAACATCTTACACTACAACCATCAAGCCTGTGTCGTATAAACTCGATGGAGTTACTTACACAGAGATTGAACCAAAATTGGATGGGTATTATAAAAAGGATAATGCTTACTATACAGAGCAGCCTATAGACCTTGTACCAACTCAACCATTACCAAATGCGAGTTTTGATAATTTCAAACTCACATGTTCTAACACAAAATTTGCTGATGATTTAAATCAAATGACAGGCT-TCACAAAGCCAGCTTCACGAGAGCTATCTGTCACATTCTTCCCAGACTTGAATGGCGATGTAGTGGCTATTGACTATAGACACTATTCAGCGAGTTTCAAGAAAGGTGCTAAATTACTGCATAAGCCAATTGTTTGGCACATTAACCAGGCTAC-AACCAAGACAACGTTCAAACCAAACACTTGGTGTTTACGTTGTCTTTGGAGTACAAAGCCAGTAGATACTTCAAATTCATTTGAAGTTCTGGCAGT-AGAAGACACACAAGGAATGGACAATCTTGCTTGTGAAAGTCAACAACCCACCTCTGAAGAAGTAGTGGAAAATCCTACCATACAGAAGGAAGTCATAGAGTGTGACGTGAAAACTACCGAAGTTGTAGGCAATGTCATACTTAAACCATCAGATGAAGGTGTTAAAGTAACACAAGAGTTAGGTCATGAGGATCTTATGGCTGCTTATGTGGAAAACACAAGCATTACCATTAAGAAACCTAATGAGCTTTCACTAGCCTTAGGTTTAAAAACAATTGCCACTCATGGTATTGCTGCAATTAATAGTGTTCCTTGGAGTAAAATTTTGGCTTATGTCAAACC-ATTCTTAGGAC-AAGCAGCAATTACAACATC-AAATTGCGCTA-A--GAGATTAGCACAACGTGTGTTTAACAATTATATGCCTTATGTGTTTACATTATTGTTCCAATTGTGTACTTTTACTAAAAGTACCAATTCTAGAATTAGAGCTTCACTACCTACAACTATTGCTAAAAATAGTGTTAAGAGTGTTGCTAAATTATGTTTGGATGCCGGCA-TTAATTATGTGAAGTCACCCAAATTTTCTAAATTGTTCACAAT-CGCT-ATGTGGCTATTGTTGTTAAGTATTTGCTTAGGTTCTCTAATCTGTGTAACTGCTGCTTTTGGTGTACTCTTATCTAATTTTGGTGC-T-CCTTCTTATTGTAATGGCGTTAGAGAATTGTATCTTAATTCGTCTAACGTTACTACTATG-GA-TTTCTGTGAAGGTTCTTTTCCTTGCAGCATTTGTTTAAGTGGATTAGACTCCCTTGATTCTTATCCAGCTCTTGAAACCATTCAGGTGACGATTTCATCGTACAAGCTAGACTTGACAATTTTAGGTCTGGCCGCTGAGTGGGTTTTGGCATATATGTTGTTCACAAAATTCTTTTATTTATTAGGTCTTTCAGCTATAATGCAGGTGTTCTTTGGCTATTTTGCTAGT-CATTTCATCAGCAATTCTTGGCTCATGTGGTTTATCATTAGTATTGTACAAATGGCACCCG-TTTCTGCAATGGTTAGGATGTACATCTTCTTTGCTTCTTTCTACTACATATGGAAGAGCTATGTTCATATCATGGATGGTTGCACCTCTTCGACTTGCATGATGTGCTATAAGCGCAATCGTGCCACACGCGTTGAGTGTACAACTATTGTTAATGGCATG-AAG-AGATCTTTCTATGTCTATGCAAATGGAGGCCGTGGCTTCTGCAAGACT-CACAATTGGAATTGTCTCAATTGTGACACATTTTGCACTGGTAGTACATTCATTAGTGATGAAGTTGCTCGTGATTTGTCACTCCAGTTTAAAAGACCAATCAACCCTACTGACCAGTCATCGTATATTGTTGATAGTGTTGCTGTGAAAAATGGCGCGCTTCACCTCTACTTTGACAAGGCTGGTCAAAAGACCTATGAGAGACATCCGCTCTCCCATTTTGTCAATTTAGACAATTTGAGAGCTAACAACACTAAAGGTTCACTGCCTATTAATGTCATAGTTTTTGATGGCAAGTCCAAATGCGACGAGTCTGCTTCTAAGTCTGCTTCTGTGTACTACAGTCAGCTGATGTGCCAACCTATTCTGTTGCTTGACCAAGCTCTTGTATCAGACGTTGGAGATAGTACTGAAGTTTCCGTTAAGATGTTTGATGCTTATGTCGACACCTTTTCAGCAACTTTTAGTGTTCCTATGGAAAAACTTAAGGCACTTGTTGCTACAGCTCACAGC-GAGTTAGCAAAGGGTGTAGCTTTAGATGGTGTCCTTTCTACATTCGTGTCAGCTGCCCGACAAGGTGTTGTTGATACCGATGTTGACACAAAGGATGTTATTGAATGTCTCAAACTTTCACATCACTCTGACTTAGAAGTGACAGGTGACAGTTGTAACAATTTCATGCTCACCTATAATAAGGTTGAAAACATGACGCCCAGAGATCTTGGCGCATGTATTGACTGTAATGCAAGGCATATCAATGCCCAAGTAGCAAAAAGTCACAATGTTTCACTCATCTGGAATGTAAAAGACTACATGTCTTTATCTGAACAGCTGCGTAAACAAATTCGTAGTGCTGCCAAGAAGAACAACATACCTTTTAGACTAACTTGTGCTACAACTAGACAGGTTGTCAATGTCATAACTACTAAAATCTCACTCAAGGGTGGTAAGATTGTTAGTACTTGTTTTAAACTTATGCTTAAGGCCACATTATTGTGCGTTCTTGCTGCATTGGT-TTGT-TATATCGTTATGCCAGTACAT-ACATTGTCAATCCATGATGGTTACACAAATGAAATCATTGGTTACAAAGCCATTCAGGATGGTGTCACTCGTGACATCATTTCTACTGATGATTGTTTTGCAAATAAACATGCTGGTTTTGACGCATGGTTTAGCCAGCGTGGTGGTTCATACAAAAATGACAAAAGC-TGCCCTGTAGTAGCTGCTATCATTACAAGAGAGATTGGTTTCATAGTGCCTGGCTTACCGGGTACTGTGCTGAGAGCA-ATC-AATGGTGACTTCTTGCATTTTCTACCTCGTGTTTTTAGTGCTGTTGGCAACATTTGCTACACACCTTCCAAACTCATTGAGTATAGTGATTTTGCTACCTCTGCTTGCGTTCTTGCTGCTGAGTGTACAATTTTTAAGGATGCTATGGGCAAACCTGTGCCATATTGTTATGACACTAATTTGCTAGAGGGTTCTATTTCTTATAGTGAGCTT-CGTCCAGACACTCGTTATGTGCTTATGGATGGTTCCATCATACAGTTTCCTAACACTTACCTGGAGGGTTCTGTTAGAGTAGTAACAACTTTTGATGCTGAGTACTGTAGACATGGTACATGCGAAAGGTCAGAAGTAGGTATTTGCCTATCTACCAGTGGTAGATGGGTTCTTAATAATGAGCATTACAGAGCTCTATCAGGAGTTTTCTGTGGTGTTGATGCGATGAATCT-CATAGCTAACATCTTTACTCCTCTTGTGCAACCTGTGGGTGCTTTAGATGTGTCTGCTTCAGTAGTGGCTGGTGGTATTATTGCCATATTGGTGACTTGTGCTGCCTACTACTTTATGAAATTCAGACGTGTTTTTGGTGAGTACAACCATGTTGTTGCTGCTAATGCACTTT--TGTTTTTGATGTCTTTCACTATACTCTGTCTGGTACCAGCTTACAGCTTTC-TGCCGGGAGTCTACTCAGTCTTTTACTTGTACTTGACATTCTATTTCACCAATGATGTTTCATTCTTGGCTCACCTTCAATGGTTTGCCATGTTTTCTCCTATTGTGCCTTTTTGGATAACAGCAAT-C-TATGT-ATTCTGTATTTCTCTGAAGCACTGCCATTGGTTCTTTAACAACTATCTTAGGAAAAGAGTCATGTTTAATGGAGTTACATTTAGTACCTTCGAGGAGGCTGCTTTGTGTACCTTTTTGCTCAACAAGGAAATGTACCTAAAATTGCGTAGCGAGACACTGTTGCCACTTACACAGTATAACAGGTATCTT-GCTCTATATAACAAGTACAAGTATTTCAGTGGAGCCTTAGATACTACCAGCTATCGTGAAGCAGCTTGCTGCCACTTAGCAAAGGCTCTAAATGACTTTAGCAACTCAGGTGCTGATGTTCTCTACCAACCACCACAGACATCAATCACTTCTGCTGTTCTGCAGAGTGGTTTTAGGAAAATGGCATTCCCGTCAGGCAAAGTTGAAGGGTGCATGGTACAAGTAACCTGTGGAACTACAACTCTTAATGGATTGTGGTTGGATGACACAGTATACTGTCCAAGACATGTCATTTGCACAGCAGAAGACATGCTTAATCCTAACTATGAAGATCTGCTCATTCGCAAATCCAACCATAGCTTTCTT-GTTCAGGCTGGCAATGTTCAACTTCGTGTTATTGGCCATTCTATGCAAAATTGTCTGCTTAGGCTTAAAGTTGATACTTCTAACCCTAAGACACCCAAGTATAAATTTGTCCGTATCCAACCTGGTCAAACATTTTCAGTTCTAGCATGCTACAATGGTTCACCATCTGGTGTTTATCAGTGTGCCATGAGACCTAATCATACCATTAAAGGTTCTTTCCTTAATGGATCATGTGGTAGTGTTGGTTTTAACATTGATTATGATTGCGTGTCTTTCTGCTATATGCATCATATGGAGCTTCCAACAGGAGTACACGCTGGTACTGACTTAGAAGGTAAATTCTATGGTCCATTTGTTGACAGACAAACTGCACAGGCTGCAGGTACAGACACAACCATAACATTAAATGTTTTGGCATGGCTGTATGCTGCTGTTATCAATGGTGATAGGTGGTTTCTTAATAGATTCACCACTACTTTGAATGACTTTAACCTTGTGGCAATGAAGTACAACTATGAACCTTTGACACAAGATCATGTTGACATATTGGGACCTCTTTCTGCTCAAACAGGAATTGCCGTCTTAGATATGTGTGCTGCTTTGAAAGAGCTGCTGCAGAATGGTATGAATGGTCGTACTATCCTTGGTAGCACTATTTTAGAAGATGAGTTTACACCATTTGATGTTGTTAGACAATGCTCTGGTGTTACCTTCCAAGGT-AAGTTCAAGAAAATTGTTAAGGGCACTCATCATTGGATGCTTTTAACTTTCTTGACATCACTATTGATTCTTGTTCAAAGTACACAGTGGTCACTGTTTTTCTTTGTTTACGAGAATGCTTTCTTGCCATTTACTCTTGGTATTATGGCAATTGCTGCATGTGCTATGCTGCTTGTTAAGCATAAGCACGCATTCTTGTGCTTGTTTCTGTTACCTTCTCTTGCAACAGTTGCTTACTTTAATATGGTCTACATGCCTGCTAGCTGGGTGATGCGTATCATGACATGGCTTGAAT-TGGCTGACACTAGCTTGTCTGGTTATAGGCTTAAGGATTGTGTTATGTATGCTTCAGCTTTAGTTTTGCTTATTCTCATGACAGCTCGCACTGTTTATGATGATGCTGCTAGACGTGTTTGGACACTGATGAATGTCATTACACTTGTTTACAAAGTCTACTATGGTAATGCTTTAGATCAAGCTATTTCCATGTGGGC-CTTAGTTATTTCTGTAACCTCTAACTATTCTGGTGTCGTTACGACTATCATGTTTTTAGCTAGAGCTATAGTGTTTGTGTGTGTTGAGTATTACCC-ATTGTTATTTATTACTGGCAACAC-CTTACAGTGTATCATGCTTGTTTATTGTTTCTTAGGCTATTGTTGCTGC-TGCTACTTTGGCCTTTTCTGTTTACTCAACCGTTACTTCAGGCTTACTCTTGGTGTTTATGACTACTTGGTCTCTACACAAGAATTTAGGTATATGAACTCCCAGGGGCTTTTGCCTCCTAAGAGTAGTATTGATGCTTTCAAGCTTAACATTAAGTTGTTGGGTATTGGAGGTAAACCATGTATCAAGGTTGCTACTGTACAGTCTAAAATGTCTGACGTAAAGTGCACATCTGTGGTACTGCTCTCGGTTCTTCAACAACTTAGAGTAGAGTCATCTTCTAAATTGTGGGCACAATGTGTACAACTCCACAATGATATTCTTCTT-GCAAAAGACACAACTGAAGCTTTCGAGAAGATGGTTTCTCTTTTGTCTGTTTTGCTATCCATGCAGGGTGCTGTAGACATTAATAGGTTGTGCGAGGAAATGCTCGATAACCGTGCTACTCTT-CAGGCTATTGCTTCAGAATTTAGTTCTTTACCATCATATGCCGCTTATGCCACTGCCCAGGAGGCCTATGAGCAGGCTGTAGCTAATGGTGATTCTGAAGTCGTTCTCAAAAAGTTAAAGAAATCTTTGAATGTGGCTAAATCTGAGTTTGACCGTGATGCTGCCATGCAACGCAAGTTGGAAAAGATGGCAGATCAGGCTATGACCCAAATGTACAAACAGGCAAGATCTGAGGACAAGAGGGCAAAAGTAACTAGTGCTATGCAAACAATGCTCTTCACTATGCTTAGGAAGCTTGATAATGATGCACTTAACAACATTATCAACAATGCGCGTGATGGTTGTGTTCCACTCAACATCATACCATTGACTACAGCAGCCAAACTCATGGTTGTTGTCCCTGATTATGGTACCTACAAGAACACTTGTGATGGTAACACCTTTACATATGCATCTGCACTCTGGGAAATCCAGCAAGTTGTTGATGCGGATAGCAAGATTGTTCAACTTAGTGAAATTAACATGGACAATTCACCAAATTTGGCTTGGCCTCTTATTGTTACAGCTCTAAGAGCCAACTCAGCTGTTAAACTACAGAATAATGAACTGAGTCCAGTAGCACTACGACAGATGTCCTGTGCGGCTGGTACCACACAAACAGCTTGTACTGATGACAATGCACTTGCCTACTATAACAATTCGAAGGGAGGTAGGTTTGTGCTGGCATTACTATCAGACCACCAAGATCTCAAATGGGCTAGATTCCCTAAGAGTGATGGTACAGGTACAATTTACACAGAACTGGAACCACCTTGTAGGTTTGTTACAGACACACCAAAAGGGCCTAAAGTGAAATACTTGTACTTCATCAAAGGCTTAAACAACCTAAATAGAGGTATGGTGCTGGGCAGTTTAGCTGCTACAGTACGTCTTCAGGCTGGAAATGCTACAGAAGTACCTGCCAATTCAACTGTGCTTTCCTTCTGTGCTTTTGCAGTAGACCCTGCTAAAGCATATAAGGATTACCTAGCAAGTGGAGGACAACCAATCACCAACTGTGTGAAGATGTTGTGTACACACACTGGTACAGGACAGGCAATTACTGTAACACCAGAAGCTAACATGGACCAAGAGTCCTTTGGTGGTGCTTCATGTTGTCTGTATTGTAGATGCCACATTGACCATCCAAATCCTAAAGGATTCTGTGACTTGAAAGGTAAGTACGTCCAAATACCTACCACTTGTGCTAATGACCCAGTGGGTTTTACACTTAGAAACACAGTCTGTACCGTCTGCGGAATGTGGAAAGGTTATGGCTGTAGTTGTGACCAACTCCGCGAACCCTTGATGCAGTCTGCGGATGCATCAA-CGTTTTTAAACGGGTTTGCGGTGTAAGTGCAGCCCGTCTTACACCGTGCGGCACAGGCACTAGTACTGATGTCGTCTACAGGGCTTTTGATATTTACAACGAAAAAGTTGCTGGTTTTGCAAAGTTCCTAAAAACTAATTGCTGTCGCTTCCAGGAGAAGGATGAGGAAGGCAATTTATTAGACTCTTACTTTGTAGTTAAGAGGCATACTATGTCTAACTACCAACATGAAGAGACTATTTATAACTTGGTTAAAGATTGTCCAGCGGTTGCTGTCCATGACTTTTTCAAGTTTAGAGTAGATGGTGACATGGTACCACATATATCACGTCAGCGTCTAACTAAATACACAATGGCTGATTTAGTCTATGCTCTACGTCATTTTGATGAGGGTAATTGTGATACATTAAAAGAAATACTCGTCACATACAATTGCTGTGATGATGATTATTTCAATAAGAAGGATTGGTATGACTTCGTAGAGAATCCTGACATCTTACGCGTATATGCTAACTTAGGTGAGCGTGTACGCCAATCATTATTAAAGACTGTACAATTCTGCGATGCTATGCGTGATGCAGGCATTGTAGGCGTACTGACATTAGATAATCAGGATCTTAATGGGAACTGGTACGATTTCGGTGATTTCGTACAAGTAGCACCAGGCTGCGGAGTTCCTATTGTGGATTCATATTACTCATTGCTGATGCCCATCCTCACTTTGACTAGGGCATTGGCTGCTGAGTCCCATATGGATGCTGATCTCGCAAAACCACTT--ATTAAGTGGGATTTGCTGAAATATGATTTTACGGAAGAGAGACTTTGTCTCTTCGACCGTTATTTTAAATATTGGGACCAGACATACCATCCCAATTGTATTAACTGTTTGGATGATAGGTGTATCCTTCATTGTGCAAACTTTAATGTGTTATTTTCTACTGTGTTTCCACCTACAAGTTTTGGACCACTAGTAAGAAAAATATTTGTAGATGGTGTTCCTTTTGTTGTTTCAACTGGATACCATTTTCGTGAGTTAGGAGTCGTACATAATCAGGATGTAAACTTACATAGCTCGCGTCTCAGTTTCAAGGAACTTTTAGTGTATGCTGCTGATCCAGCTATGCATGCAGCTTCTGGCAATTTATTGCTAGATAAACGCACTACATGCTTTTCAGTAGCTGCACTAACAAACAATGTTGCTTTTCAAACTGTCAAACCCGGTAATTTTAATAAAGACTTTTATGACTTTGCTGTGTCTAAAGGTTTCTTTAAGGAAGGAAGTTCTGTTGAACTAAAACACTTCTTCTTTGCTCAGGATGGCAACGCTGCTATCAGTGATTATGACTATTATCGTTATAATCTGCCAACAATGTGTGATATCAGACAACTCCTATTCGTAGTTGAAGTTGTTGATAAATACTTTGATTGTTACGATGGTGGCTGTATTAATGCCAACCAAGTAATCGTTAACAATCTGGATAAATCAGCTGGTTTCCCATTTAATAAATGGGGTAAGGCTAGACTTTATTATGACTCAATGAGTTATGAGGATCAAGATGCACTTTTCGCGTATACTAAGCGTAATGTCATCCCTACTATAACTCAAATGAATCTTAAGTATGCCATTAGTGCAAAGAATAGAGCTCGCACCGTAGCTGGTGTCTCTATCTGTAGTACTATGACAAATAGACAGTTTCATCAGAAATTATTGAAGTCAATAGCCGCCACTAGAGGAGCTACTGTGGTAATTGGAACAAGCAAGTTTTACGGTGGCTGGCATAATATGTTAAAAACTGTTTACAGTGATGTAGAAACTCCACACCTTATGGGTTGGGATTATCCAAAATGTGACAGAGCCATGCCTAACATGCTTAGGATAATGGCCTCTCTTGTTCTTGCTCGCAAACATAACACTTGCTGTAACTTATCACACCGTTTCTACAGGTTAGCTAACGAGTGTGCGCAAGTATTAAGTGAGATGGTCATGTGTGGCGGCTCACTATATGTTAAACCAGGTGGAACATCATCCGGTGATGCTACAACTGCTTATGCTAATAGTGTCTTTAACATTTGTCAAGCTGTTACAGCCAATGTAAATGCACTTCTTTCAACTGATGGTAATAAGATAGCTGACAAGTATGTCCGCAATCTACAACACAGGCTCTATGAGTGTCTCTATAGAAATAGGGATGTTGAT-CATGAATTCGTGGATGAGTTTTACGCTTACCTGCGTAAACATTTCTCCATGATGATTCTTTCTGATGATGCCGTTGTGTGCTATAACAGTAACTATGCGGCTCAAGGTTTAGTAGCTAGCATTAAGAACTTTAAGGCAGTTCTTTATTATCAAAATAATGTGTTCATGTCTGAGGCAAAATGTTGGACTGAGACTGACCTTACTAAAGGACCTCACGAATTTTGCTCACAGCATACAATGCTAGTTAAACAAGGAGATGATTACGTGTACCTGCCTTACCCAGATCCATCAAGAATATTAGGCGCAGGCTGTTTTGTCGATGATATTGTCAAAACAGATGGTACACTTATGATTGAAAGGTTCGTGTCACTGGCTATTGATGCTTACCCACTTACAAAACATCCTAATCAGGAGTATGCTGATGTCTTTCACTTGTATTTACAATACATTAGAAAGTTACATGATGAGCTTACTGGCCACATGTTGGACATGTATTCCGTAATGCTAACTAATGATAACACCTCACGGTACTGGGAACCTGAGTTTTATGAGGCTATGTACACACCACATACAGTCTTGCAGGCTGTAGGTGCTTGTGTATTGTGCAATTCACAGACTTCACTTCGTTGCGGTGCCTGTATTAGGAGACCATTCCTATGTTGCAAGTGCTGCTATGACCATGTCATTTCAACATCACACAAATTAGTGTTGTCTGTTAATCCCTATGTTTGCAATGCCCCAGGTTGTGATGTCACTGATGTGACACAACTGTATCTAGGAGGTATGAGCTATTATTGCAAGTCACATAAGCCTCCCATTAGTTTTCCATTATGTGCTAATGGTCAGGTTTTTGGTTTATACAAAAACACATGTGTAGGCAGTGACAATGTCACTGACTTCAATGCGATAGCAACATGTGATTGGACTAATGCTGGCGATTACATACTTGCCAACACTTGTACTGAGAGACTCAAGCTTTTCGCAGCAGAAACGCTCAAAGCCACTGAGGAAACATTTAAGCTGTCATATGGTATTGCCACTGTACGCGAAGTACTCTCTGACAGAGAATTGCATCTTTCATGGGAGGTTGGAAAACCTAGACCACCATTGAACAGAAACTATGTCTTTACTGGTTACCGTGTAACTAAAAATAGTAAAGTACAGATTGGAGAGTACACCTTTGAAAAAGGTGACTATGGTGATGCTGTTGTGTACAGAGGTACTACGACATACAAGTTGAATGTTGGTGATTACTTTGTGTTGACATCTCACACTGTAATGCCACTTAGTGCACCTACTCTAGTGCCACAAGAGCACTATGTGAGAATTACTGGCTTGTACCCAACACTCAACATCTCAGATGAGTTTTCTAGCAATGTTGCAAATTATCAAAAGGTCGGCATGCAAAAGTACTCTACACTCCAAGGACCACCTGGTACTGGTAAGAGTCATTTTGCCATCGGACTTGCTCTCTATTACCCATCTGCTCGCATAGTGTATACGGCATGCTCTCATGCAGCTGTTGATGCCCTATGTGAAAAGGCATTAAAATATTTGCCCATAGATAAATGTAGTAGAATCATACCTGCGCGTGCGCGCGTAGAGTGTTTTGATAAATTCAAAGTGAATTCAACACTAGAACAGTATGTTTTCTGCACTGTAAATGCATTGCCAGAAACAACTGCTGACATTGTAGTCTTTGATGAAATCTCTATGGCTACTAATTATGACTTGAGTGTTGTCAATGCTAGACTTCGTGCAAAACACTACGTCTATATTGGCGATCCTGCTCAATTACCAGCCCCCCGCACATTGCTGACTAAAGGCACACTAGAACCAGAATATTTTAATTCAGTGTGCAGACTTATGAAAACAATAGGTCCAGACATGTTCCTTGGAACTTGTCGCCGTTGTCCTGCTGAAATTGTTGACACTGTGAGTGCTTTAGTTTATGACAATAAGCTAAAAGCACACAAGGATAAGTCAGCTCAATGCTTCAAAATGTTCTACAAAGGTGTTATTACACATGATGTTTCATCTGCAATCAACAGACCTCAAATAGGCGTTGTAAGAGAATTTCTTACACGCAATCCTGCTTGGAGAAAAGCTGTTTTTATCTCACCTTATAATTCACAGAACGCTGTAGCTTCAAAAATCTTAGGATTGCCTACGCAGACTGTTGATTCATCACAGGGTTCTGAATATGACTATGTCATATTCACACAAACTACTGAAACAGCACACTCTTGTAATGTCAACCGCTTCAATGTGGCTATCACAAGGGCAAAAATTGGCATTTTGTGCATAATGTCTGATAGAGATCTTTATGACAAACTGCAATTTACAAGTCTAGAAATACCACGTCGCAATGTGGCTACATTACAAGCAGAAAATGTAACTGGACTTTTTAAGGACTGTAGTAAGATCATTACTGGTCTTCATCCTACACAGGCACCTACACACCTCAGCGTTGATA-TAAAGTTCAAGACTGAAGGATTATGTGTTGACATACCAGGCATACCAAAGGACATGACCTACCGTAGACTCATCTCTATGATGGGTTTCAAAATGAATTACCAAGTCAATGGTTACCCTAATATGTTTATCACCCGCGAAGAAGCTATTCGTCACGTTCGTGCGTGGATTGGCTTTGATGTAGAGGGCTGTCATGCAACTAGAGATGCTGTGGGTACTAACCTACCTCTCCAGCTAGGATTTTCTACAGGTGTTAACTTAGTAGCTGTACCGACTGGTTATGTTGACACTGAAAATAACACAGAATTCACCAGAGTTAATGCAAAACCTCCACCAGGTGACCAGTTTAAACATCTTATACCACTCATGTATAAAGG-CTTGCCCTGGAATGTAGTGCGTATTAAGATAGTACAAATGCTCAGTGATACACTGAAAGGAT-TGTCAGACAGAGTCGTGTTCGTCCTTTGGGCGCATGGCTTTGAGCTTACATCAATGAAGTACTTTGTCAAGATTGGACCTGAAAGAACGTGTTGTCTGTGTGACAAACGTGCAACTTGCTTTTCTACTTCATCAGATACTTATGCCTGCTGGAATCATTCTGTGGGTTTTGACTATGTCTATAACCCATTTATGATTGATGTTCAGCAGTGGGGCTTTACGGGTAACCTTCAGAGTAACCATGACCAACATTGCCAGGTACATGGAAATGCACATGTGGCTAGTTGTGATGCTATCATGACTAGATGTTTAGCAGTCCATGAGTGCTTTGTTAAGCGCGTTGATTGGTCTGTTGAATACCCTATTATAGGAGATGAACTGAGGGTTAATTCTGCTTGCAGAAAAGTACAACACATGGTTGTGAAGTCTGCATTGCTTGCTGATAAGTTTCCAGTTCTTCATGACATTGGAAATCCAAAGGCTATCAAGTGTGTGCCTCAGGCTGAAGTAGAATGGAAGTTCTACGATGCTCAGCCATGTAGTGACAAAGCTTACAAAATAGAGGAACTCTTCTATTCTTATGCTACACATCACGATAAATTCACTGATGGTGTTTGTTTGTTTTGGAATTGTAACGTTGATCGTTACCCAGCCAATGCAATTGTGTGTAGGTTTGACACAAGAGTCTTGTCAAACTTGAACTTACCAGGCTGTGATGGTGGTAGTTTGTATGTGAATAAGCATGCATTCCACACTCCAGCTTTCGATAAAAGTGCATTTACTAATTTAAAGCAATTGCCTTTCTTTTACTATTCTGATAGTCCTTGTGAGTCTCATGGCAAACAAGTAGTGTCGGATATTGATTATGTTCCACTCAAATCTGCTACGTGTATTACACGATGCAATTTAGGTGGTGCTGTTTGCAGACACCATGCAAATGAGTACCGACAGTACTTGGATGCATATAATATGATGATTTCTGCTGGATTTAGCCTATGGATTTACAAACAATTTGATACTTATAACCTGTGGAATACATTTACCAGGTTACAGAGTTTAGAAAATGTGGCTTATAATGTTGTTAATAAAGGACACTTTGATGGACACGCCGGCGAAGCACCTGTTTCCATCATTAATAATGCTGTTTACACAAAGGTAGATGGTATTGATGTGGAGATCTTTGAAAATAAGACAACACTTCCTGTTAATGTTGCATTTGAGCTTTGGGCTAAGCGTAACATTAAACCAGTGCCAGAGATTAAGATACTCAATAATTTGGGTGTTGATATCGCTGCTAATACTGTAATCTGGGACTACAAAAGAGAAGCCCCAGCACATGTATCTACAATAGGTGTCTGCACAATGACTGACATTGCCAAGAAACCTACTGAGAGTGCTTGTTCTTCACTTACTGTCTTGTTTGATGGTAGAGTGGAAGGACAGGTAGACCTTTTTAGAAACGCCCGTAATGGTGTTTTAATAACAGAAGGTTCAGTCAAAGGTCTAACACCTTCAA-AGGGACCAGCACAAGCTAGCGTCAATGGAGTCACATTAATTGGAGAATCAGTAAAAACACAGTTTAACTACTTTAAGAAAGTAGACGGCATTATTCAACAGTTGCCTGAAACCTACTTTACTCAGAGCAGAGACTTAGAGGATTTTAAGCCCAG-A-TCACAAATGGAAACTGACTTTCTC-GAGCTCGCTATGGATGAATTCATACAGCGATATAAGCTCGAGGGCTATGCCTTCGAACACATCGTTTATGGAGATTTCAGTCATGGACAACTTGGCGGTCTTCATTTAATGATAGGCTTAGCCAAGCGCTCACAAGATTCACCACTTAAATTAGAGGATTTTATCCCTATGGACAGCACAGTGAAAAATTACTTCATAACAGATGCGCAAACAGGTTCATCAAAATGTGTGTGTTCTGTGATTGATCTTTTACTTGATGACTTTGTCGAGATAATAAAGTCACAAGATTTGTCAGTGATTTCAAAAGTGGTCAAGGTTACAATTGACTATGCTGAAATTTCATTCATGCTTTGGTGTAAGGATGGACATGTTGAAACCTTCTACCCAAAACTACAAGCAAGTCAAGCGTGGCAACCAGGTGTTGCGATGCCTAA-CTTGTACAAGATGCAAAGAATGCTTCTTGAAAAGTGTGACCTTCAGAATTATGGTGAAAATGCTGTTATACCAAAAGGAATAATGATGAATGTCGCAAAGTATACTCAACTGTGTCAATACTTAAATACACTTACTTTAGCTGTACCCTACAACATGAGAGTTATTCACTTTGGTGCTGGCTCTGATAAAGGAGTTGCACCAGGTACAGCTGTGCTCAGACAATGGTTGCCAACTGGCACACTACTTGTCGATTCAGATCTTAATGACTTCGTCTCCGACGCAGATTCTACTTTAATTGGAGACTGTGCAACAGTACATACGGCTAATAAATGGGACCTTATTATTAGCGATATGTATGACCCTAGGACCAAACATGTGACAAAAGAGAATGACTCTAAAGAAGGGTTTTTCACTTATCTGTGTGGATTTATAAAGCAAAAACTAGCCCTGGGTGGTTCTATAGCTGTAAAGATAACAGAGCATTCTTGGAATGCTGACCTTTACAAGCTTATGGGCCATTTCTCATGGTGGACAGCTTTTGTTACAAATGTAAATGCATCATCATCGGAAGCATTTTTAATTGGGGCTAACTATCTTGGCAAGCCGAAG-GAACAAATTGATGGCTATACCATGCATGCTAACTACATTTTCTGGAGGAACACAAATCCTATCCAGTTGTCTTCCTATTCACTCTTTGACATGAGCAAATTTCCTCTTAAATTAAGAGGAACTGCTGTAATGTCTCTTAAGGAGAA--TCAAATCAATGATATGATTTATTCTCTTCTGGAAAAAGGTAGGCTTATCATTAGAGAAAACAACAGAGTTGTGGTTTCAAGTGATATTCTTGTTAACAACTAAACGAACA-TGTTTATTTT-CTTTTGTGAGATTCCCTAATATTACAAACTTGTGTCCTTTTGGAGAGGTTTTTAATGCTACTAAATTCCCTTCTGTCTATGCATGGGAGAGaaaaaaaaTTTCTAATTGTGTTGCTGATTACTCTGTGCTCTACAACTCAACAtttttttCAACCTTTAAGTGCTATGGCGTTTCTGCCACTAAGTTGAATGATCTTTGCTTCTCCAATGTCTATGCAGATTCTTTTGTAGTCAAGGGAGATGATGTAAGACAAATAGCGCCAGGACAAACTGGTGTTATTGCTGATTATAATTATAAATTGCCAGATGATTTCATGGGTTGTGTCCTTGCTTGGAATACTAGGAACATTGATGCT-ACTTCAACTGGTAATTATAATTATAAATATAGGTATCTTAGACATGGC-AAGCTTAGGCCCTTTGAGAGAGACATATCTAATG-TGCCTTTCTCCCCTGATGGCAAACCTTGCACCCCACCT---GCTCTTAATTGTTATTGGCCATTA-AATGATTATGGTTTTTACACCACTACTGGCATTGGCTACCAACCTTACAGAGTTGTAGTACTTTCTTTTGAACTTTTAAATGCACCGGCCACGGTTTGTGGACCAAAATTATCCACTGACCTTATTAAGAACCAGTGTGTCAATTTTAATTTTAATGGACTCACTGGTACTGGTGTGTTAACTCCTTCT-TCAAAGAGATTTCAACCATTTCAACAATTTGGCCGTGATGTTTCTGATTTCACTGATTCCGTTCGAGATCCTAAAACATCTGAAATATTAGACATTTCACCTTGCGCTTTTGGGGGTGTAAGTGTAATTACACCTGGAACAAATGCTTC-ATCTGAAGTTGCTGTTCTATATCAAGATGTTAACTGCACTGATGTTTCTACAGCAATTCATGCAGATCAACTCACACCAGCTTGGCGCATATATTCTACTGGAAACAATGTATTCCAGACTCAAGCAGGCTGTCTTATAGGAGCTGAGCATGTCGACACTTCTTATGAGTGCGACATTCCTATTGGAGCTGGCATTTGTGCTAGTTACCATAC--AG--T--TTCT--T----TATTACGTAGTACTAGCCA-AAAATCTATTGTGGCTTATACTATGTCTTTAGGTGCTGATAGTTCAATTGCTTACTCTAATAACACCATTGCTATACCTACTAACTTTTCAATTAGCATTACTACAGAAGTAATGCCTGTTTCTATGGCTAAAACCTCCGTAGATTGTAATATGTACATCTGCGGAGATTCTACTGAATG-TGCTAATTTGCTTCTCCAATATGGTAGCTTTTGCACACAACTAAATCGTGCACTCTCAGGTATTGCTGCTGAACAGGATCGCAACACACGTGAAGTGTTCGCTCAAGTCAAACAAATGTACAAAACCCCAACTTTGAAATATTTTGGTGGTTTTAATTTTTCACAAATATTACCTGA-CCCTCTAAAGCCAACTAAGAGGTCTTTTATTGAGGACTTGCTCTTTAATAAGGTGACACTCGCTGATGCTGGCTTCATGAAGCAATATGGCGAATGCCTAGGTGATATTAATGCTAGAGATCTCATTTGTGCGCAGAAGTTCAATGGACTTACAGTGTTGCCACCTCTGCTCACTGATGATATGATTGCTGCCTACACTGCTGCTCTAGTTAG-TGGTACTGCCACTGCTGGATGGACATTTGGTGCTGGCGCTGCTCTTCAAATACCTTTTGCTATGCAAATGGCATATAGGTTCAATGGCATTGGAGTTACCCAAAATGTTCTCTATGAGAACCAAAAACAAATCGCCAACCAATTTAACAAGGCGATTAGTCAAATTCAAGAATCACTTACAACAACATCAACTGCATTGGGCAAGCTGCAAGACGTTGTTAACCAGAATGCTCAAGCATTAAACACACTTGTTAAACAACTTAGCTCTAATTTTGGTGCAATTTCAAGTGTGCTAAATGATATCCTTTCGCGACTTGATAAAGTCGAGGCGGAGGTACAAATTGACAGGTTAATTACAGGCAGACTTCAAAGCCTTCAAACCTATGTAACACAACAACTAATCAGGGCTGCTGAAATCAGGGCTTCTGCTAATCTTGCTGCTACTAAAATGTCTGAGTGTGTTCTTGGACAATCAAAAAGAGTTGACTTTTGTGGAAAGGGCTACCACCTTATGTCCTTCCCACAAGCAGCCCCGCATGGTGTTGTCTTCCTACATGTCACGTATGTGCCATCCCAGGAGAGGAACTTCACCACAGCGCCAGCAATTTGTCATGAAGGCAAAGCATACTTCCCTCGTGAAGGTGTTTTTGTGTTTAATGGCACTTCTTGGTTTATTACACAGAGGAACTTCTTTT-CTCCACAAATAATTACTACAGACAATACATTTGTCTCAGGAAATTGTGATGTCGTTATTGGCATCATTAACAACACAGTTTATGATCCTCTGCAACCTGAGCTTGACTCATTCAAAGAAGAGCTGGACAAGTACTTCAAAAATCATACATCACCAGATGTTGATCTTGGCGACATTTCAGGCATTAACGCTTCTGTCGTCAACATTCAAAAAGAAATTGACCGCCTCAATGAGGTCGCTAAAAATTTAAATGAATCACTCATTGACCTTCAAGAATTGGGAAAATATGAGCAATATATTAAATGGCCTTGGTATGTTTGGCTCGGCTTCATTGCTGGACTAATTGCCATCGTCATGGTTACAATCTTGCTTTGTTGCATGACTAGTTGTTGCAGTTGCCTCAAGGG-TGCATGCTCTTGTGGTTCTTGCTGCAAGTTTGATGAGGATGACTCTGAGCCAGTTCTCAAGGGTGTCAAATTACATTACACATAAACGAACTTATGGATTTGTTTATGAGATTTTTTACTCTTAGATCAATTACT-GCACAGCCAGTAAAAATTGACAATGCTTCTCCTGCAAGTACTGTTCATGCTACAGCAACGATACCGCTACAAGCCTCACTCCCTTTCGGATGGCTTGTTATTGGCGTTGCATTTCTTGCTGTTTTTCAGAGCGCTACCAAAATAATTGCGCTCAATAAAAGATGGCAGCTAGCCCTTTATAAGGGCTTCCAGTTCATTTGCAATTTACTGCTGCTATTTGTTACCATCTATTCACATCTTTTGCTTGTCGCTGCAGGTATGGAGGCGCAATTTTTGTACCTCTATGCCTTGATATATTTTCTACAATGCATCAACGCATGT-AGAATTATTATGAGATGTTGGCTTTGTTGGAAGTGCAAATCCAAGAACCCATTACTTTATGATGCCAACTACTTTGTTTGCTGGCACACACATAACTATGACTACTGTATACCATATAACAGTGTCACAGATACAATTGTCGTTACTGAAGGTGACGGCATTTCAACACCAAAA-CTCAAAGAAGACTACCAAATTGGTGGTTATTCTGAGGATAGGCACTCAGGTGTTAAAGACTATGTCGTTGTACATGGCTATTTCACCGAAGTTTACTACCAGCTTGAGTCTACACAAATTACTACAGACACTGGTATTGAAAATGCTACATTCTTCATCTTTAACAAGCTTGTTAAAGACCC-ACCGA--ATGTGCAAATACACACAATCGACGGCTCTTCAGGAGTTGCTAATCCAGCAATGGATCCAATTTATGATGAGCCGACGACGACTACTAGCGTGCCTTTGTAAGCACAAGAAAGTGAGTACGAACTTATGTACTCATTCGTTTCGGAAGAAACAGGTACGTTAATAGTTAATAGCGTACTTCTTTTTCTTGCTTTCGTGGTATTCTTGCTAGTCACACTAGCCATCCTTACTGCGCTTCGATTGTGTGCGTACTGCTGCAATATTGTTAACGTGAGTTTAGTAAAACCAACGGTTTACGTCTACTCGCGTGTTAAAAATCTGAACTCTTCTGAAGGAGTTCCTGATCTTCTGGTCTAAACGAACTAACTATTAT-T-A-TTATTCTGTTTGGAACTTTAACATTGCTTATC-ATGGCAGA---CAACGGTACTATTACCGTTGAGGAGCTTAAACAACTCCTGGAACAATGGAACCTAGTAATAGGTTTCCTATTCCTAGCCTGGATTATGT-TACTACAATTTGCCTATTCTAATCGGAACAGGTTTTTGTACATAATAAAGCTTGTTTTCCTCTGGCTCTTGTGGCCAGTAACACTTGCTTGTTTTGTGCTTGCTGCTGTCTACAGAATTAATTGGGTGACTGGCGGGATTGCGATTGCAATGGCTTGTATTGTAGGCTTGATGTGGCTTAGCTACTTCGTTGCTTCCTTCAGGCTGTTTGCTCGTACCCGCTCAATGTGGTCATTCAACCCAGAAACAAACATTCTTCTCAATGTGCCTCTCCGGGGGACAATTGTGACCAGACCGCTCATGGAAAGTGAACTTGTCATTGGTGCTGTGATCATTCGTGGTCA-CTTGCGAATGGCCGGACACTCCCTAGGGCGCTGTGACATTAAGGACCTGCCAAAAGAGATCACTGTGGCTACATCACGAACGCTTTCTTATTACAAATTAGGAGCGTCGCAGCGTGTAGGCAC-TGATTCAGGTTTTGCTGCATACAACCGCTACCGTATTGGAAACTATAAATTAAATACAGACCACGCCGGTAGCAACGACAATATTGCTTTGCTAGTACAGTAAGTGACAACAGATGTTTCATCTTGTTGACTTCCAGGTTACAATAGCAGAGATATTGATTATCATTATGAGGACTTTCAGGATTGCTATTTGGAATCTTGACGTTATAATAAGT-TCAATAGTGAGACAATTATTTAAGCCTCTAACTAAGAAGAATTATTCGGAGTTAGATGATGAAGAACCTATGGAGTTAGATTATCCATAAAACGAACATGAAAATTATTCTCTTCCTGACATTGATTGTATTTACATCTTGCGAGCTATATCACTATCAGGAGTGTGTTAGAGGTACGACTGTACTACTAAAAGAACCTTGCCCATCAGGAACATACGAGGGCAATTCACCATTTCACCCTCTTGCTGACAATAAATTTGCACTAACTTGCACTAGCACACACTTTGCTTTTGCTTGTGCTGACGG--TACTCGACATACCTATCAGCTGCGTGCAAGATCAGTTTCACCAAAACTTTTCATCAGACAAGAGGAGGTTCAACAAGAGCTCTACTCGCCACTTTTTCTCATTGTTGCTGCTCTAGTATTTTTAATACTTTGCTTCACCATTAAGAGAAAGACAGAATGAATGAGCTCACTTTAATTGACTTCTATTTGTGCTTTTTAGCCTTTCTGCTATTCCTTGTTTTAATAATGCTTATTATATTTTGGTTTTCACTCGAAATCCAGGATCTAGAA-GAACCTTGTACCAAAGTCTAAACGAACATGAAACTTCTCATTGTTTTTAAACGAACAAATTAAAATGTCTGATAATGGACCCCAATCAAACCAACGTAGTGCCCCCCGCATTACATTTGGTGGACCCACAGATTCAACTGACAATAACCAGAATGGAGGACGCAATGGGGCAAGGCCAAAACAGCGCCGACCCCAAGGTTTACCCAATAATACTGCGTCTTGGTTCACAGCTCTCACTCAGCATGGCAAGGAGGAACTTAGATTCCCTCGAGGCCAGGGCGTTCCAATCAACACCAATAGTGGTCCAGATGACCAAATTGGCTACTACCGAAGAGCTACCCGACGAGTTCGTGGTGGTGACGGCAAAATGAAAGAGCTCAGCCCCAGATGGTACTTCTATTACCTAGGAACTGGCCCAGAAGCTTCACTTCCCTACGGCGCTAACAAAGAAGGCATCGTATGGGTTGCAACTGAGGGAGCCTTGAATACACCCAAAGACCACATTGGCACCCGCAATCCTAATAACAATGCTGCCACCGTGCTACAACTTCCTCAAGGAACAACATTGCCAAAAGGCTTCTACGCAGAGGGAAGCAGAGGCGGCAGTCAAGCCTCTTCTCGCTCCTCATCACGTAGTCGCGGTAATTCAAGAAATTCAACTCCTGGCAGCAGTAGGGGAAATTCTCCTGCTCGAATGGCTAGCGGAGGTGGTGAAACTGCCCTCGCGCTATTGCTGCTAGACAGATTGAACCAGCTTGAGAGCAAAGTTTCTGGTAAAGGCCAACAACAACAAGGCCAAACTGTCACTAAGAAATCTGCTGCTGAGGCATCTAAAAAGCCTCGCCAAAAACGTACTGCCAC-AAAACAGTACAACGTCACTCAAGCATTTGGGAGACGTGGTCCAGAACAAACCCAAGGAAATTTCGGGGACCAAGACCTAATCAGACAAGGAACTGATTACAAACATTGGCCGCAAATTGCACAATTTGCTCCAAGTGCCTCTGCATTCTTTGGAATGTCACGCATTGGCATGGAAGTCACACCTTCGGGAACATGGCTGACTTATCA-TGGAGCCATTAAATTGGATGACAAAGATCCACAATTCAAAGA-CAACGTCATACTGCTGAACAAGCACATTGACGCATACAAAACATTCCCACCAACAGAGCCTaaaaaggacaaaaagaaaaaGACTGATGAAGCTCA-GCCTTTGCCGCAGAGACAAAAGAAGCAGCCCACTGTGACTCTTCTTCCTGCGGCTGACATGGATGATTTCTCCAGACAACTTCAAAATTCCATGAGTGGAGCTTCTGCTGATTCAACTCAGGCATAAACACTCATGATGACCACACAAGGCAGATGGGCTATGTAAACGTTTTCGCAATTCCGTTTACGATACATAGTCTACTCTTGTGCAGAATGAATTCTCGTAACTAAACAGCACAAGTAGGTTTAGTTAACTTTAATCTCACATAGCAATCTTTAATCAATGTGTAACATTAGGGAGGACTTGAAAGAGCCACCACATTTTCATCGAGGCCACGCGGAGTACGATCGAGGGTACAGTGAATAATGCTAGGGAGAGCTGCCTATATGGAAGAGCCCTAATGTGTAAAATTAATTTTAGTAGTGCTATCCCCATGTGATTTTAATAGCTTCTTAGGAGAATGACaaaaaaaaaaaaaaaaaaaaaaaaAGGTTTTTACCTACCCAGG-AA-AAGCCAACCAAC-CTCGATCTCTTGTAGATCTGTTCTCTAAACGAACTTTAAAATCTGTGTAGCTGTCGCTCGGCTGCATGCCTAGTGCACCTACGCAGTATAAACAATAATAAATTTTACTGTCGTTGACAAGAAACGAGTAACTCGTCCCTCTTCTGCAGACTGCTTACGGTTTCGTCCGTGTTGCAGTCGATCATCAGCATACCTAGGTTTCGTCCGGGTGTGACCGAAAGGTAAGATGGAGAGCCTTGTTCTTGGTGTCAACGAGAAAACACACGTCCAACTCAGTTTGCCTGTCCTTCAGGTTAGAGACGTGCTAGTGCGTGGCTTCGGGGACTCTGTGGAAGAGGCCCTATCGGAGGCACGTGAACACCTCAAAAATGGCACTTGTGGTCTAGTAGAGCTGGAAAAAGGCGTACTGCCCCAGCTTGAACAGCCCTATGTGTTCATTAAACGTTCTGATGCCTTAA--GCACCAATCACGGCCACAAGGTCGTTGAGCTGGTTGCAGAAATGGACGGCATTCAGTACGGTCGTAGCGGTATAACACTGGGAGTACTCGTGCCACATGTGGGCGAAACCCCAATTGCATACCGCAATGTTCTTCTTCGTAAGAACGGTAATAAGGGAGCCGGTGGTCATAGCTATGGCATCGATCTAAAGTCTTATGACTTAGGTGACGAGCTTGGCACTGATCCCATTGAAGATTATGAACAAAACTGGAACACTAAGCATGGCAGTGGTGC-ACTCCGTGAACTCACTCGTGAGCTCAATGGAGGTGCAGTCACTCGCTATGTCGACAACAATTTCTGTGGCCCAGATGGGTACCCTCTTGATTGCATCAAAGATTTTCTCGCACGCGCGGGCAA-G-TCAATGTGCACTCTTTCCGAACAACTTGATTACATCGAGTCGAAGAGAGGTGTCTACTGCTGCCGTGACCATGAGCATGAAATTGCCTGGTTCACTGAGCGCTCTGATAAGAGCTACGAGCACCAGACACCCTTCGAAATTAAGAGTGCC-AAGAAATTTGACACTTTCAAAGGGGAATGCCCAAAGTTTGTGTTTCCTCTTAACT-CAAAAGTCAA-AGTCATTCAACCACGTGTTGAAAAGAAAAAGACTGAGGGTTTCATGGGGCGTATACGCTCTGTGTACCCTGTTGCATCTCCACAGGAGTGTAAC-AA-TATGCACTTGTCTACCTTGATGAAATGTAATCATTGCGATGAAGTTTCATGGCAGACGTGCGACTTTCTGAAAGCCACTTGTGAACATTGTGGCACTGAAAATTTAGTTATTGAAGGACCTACTACATGTGGGTACCTACCTACTAATGCTGTAGTGAAAATGCCATGTCCTGCCTGTCAAGACCCAGAGATTGGACCTGAGCATAGTGTTGCAGATTATCACAACCACTCAAACATTGAAACTCGACTC--CGCAAGGGAGGTAGGACTAGATGT-TTTGGAGGCTGTGTGTTTGCCTATGTTGGCTGCTATAATAAGCGTGCCTACTGGGTTCCTCGTGCTAGTGCTGATATTGGCTCAGGCCATACTGGCATTACTGGTGACAATGTG-GA-GACCTTGAATGAGGATCTCCTTGAGATACTG-AGTC-GTGAACGTGTTAACATTAACATTGTTGGCGATTTTCATTTGAATGAAGAGGTTGCCATCATTTTGGCATCTTTCTCTGCTTCTACAAGTGCCTTTATTGACACTAT-AAAGAGTCTTGATTACAAGTCTTTCAAAACCATTGTTGAGTCCTGCGGTAACTATAAAGTTACCAAGGGAAAGCCCGTAAAAGGTGCTTGGAACATTGGACAACAGAGATCAGTTTTAACACCACTGTGTGGTTTTCCCTCACAGGCTGCTGGTGTTATCAGATCAATTTTTGCGCGCACACTTGA
NC_028811.1	N/A	N/A	
NC_028833.1	N/A	N/A	
KX580953.1	N/A	N/A	
KX580958.1	N/A	N/A	
NC_009657.1	N/A	N/A	
NC_009988.1	N/A	N/A	
AY567487.2	N/A	N/A	
KY073745.1	N/A	N/A	
KY073746.1	N/A	N/A	
KY073744.1	N/A	N/A	
KP849472.1	N/A	N/A	
NC_011547.1	N/A	N/A	
NC_011550.1	N/A	N/A	
NC_039208.1	N/A	N/A	
NC_016992.1	N/A	N/A	
NC_016993.1	N/A	N/A	
NC_016995.1	N/A	N/A	
NC_011547.1	N/A	N/A	
NC_039208.1	N/A	N/A	
NC_011550.1	N/A	N/A	
NC_016991.1	4e-11	38/40 (95%)	TTGCACCGAGGCCACGCGGAGTACGATCGAGGGTACAGTG
NC_016994.1	N/A	N/A	
NC_016996.1	N/A	N/A	
NC_001451.1	N/A	N/A	
NC_010646.1	N/A	N/A	
NC_001451.1	N/A	N/A	
